control_id,asset_id,hostname,environment,owner,criticality,check_id,check_status,reason,requirements,evidence_source_file,evidence_value,evidence_timestamp,rule,threshold,evaluated_at,asset_status,asset_underlying_status,exception_state,exception_approved_by,exception_expires_at
LOG-01,A001,pay-gw-01,production,payments-platform,critical,coverage,PASS,asset found in SIEM,PCI DSS v4.0.1 10.2.1; SOC 2 CC7.2,siem_sources.csv,source_type=linux_syslog,,asset must appear in SIEM sources with valid evidence,present,2026-10-01T09:00:00Z,PASS,PASS,none,,
LOG-01,A001,pay-gw-01,production,payments-platform,critical,freshness,PASS,recent events received,PCI DSS v4.0.1 10.7.2; SOC 2 CC7.2,siem_sources.csv,age=0.1h,2026-10-01T08:55:00Z,as_of - last_event_at <= max_age_hours,<= 24h,2026-10-01T09:00:00Z,PASS,PASS,none,,
LOG-01,A001,pay-gw-01,production,payments-platform,critical,retention,PASS,retention_days is 400d,PCI DSS v4.0.1 10.5.1,siem_sources.csv,400d,2026-10-01T08:55:00Z,retention_days >= min_days,>= 365d,2026-10-01T09:00:00Z,PASS,PASS,none,,
LOG-01,A001,pay-gw-01,production,payments-platform,critical,hot_retention,PASS,hot_retention_days is 90d,PCI DSS v4.0.1 10.5.1,siem_sources.csv,90d,2026-10-01T08:55:00Z,hot_retention_days >= min_days,>= 90d,2026-10-01T09:00:00Z,PASS,PASS,none,,
LOG-01,A002,pay-db-01,production,dba-team,critical,coverage,PASS,asset found in SIEM,PCI DSS v4.0.1 10.2.1; SOC 2 CC7.2,siem_sources.csv,source_type=database_audit,,asset must appear in SIEM sources with valid evidence,present,2026-10-01T09:00:00Z,STALE,STALE,none,,
LOG-01,A002,pay-db-01,production,dba-team,critical,freshness,STALE,no events for 66.8h,PCI DSS v4.0.1 10.7.2; SOC 2 CC7.2,siem_sources.csv,age=66.8h,2026-09-28T14:10:00Z,as_of - last_event_at <= max_age_hours,<= 24h,2026-10-01T09:00:00Z,STALE,STALE,none,,
LOG-01,A002,pay-db-01,production,dba-team,critical,retention,PASS,retention_days is 400d,PCI DSS v4.0.1 10.5.1,siem_sources.csv,400d,2026-09-28T14:10:00Z,retention_days >= min_days,>= 365d,2026-10-01T09:00:00Z,STALE,STALE,none,,
LOG-01,A002,pay-db-01,production,dba-team,critical,hot_retention,PASS,hot_retention_days is 90d,PCI DSS v4.0.1 10.5.1,siem_sources.csv,90d,2026-09-28T14:10:00Z,hot_retention_days >= min_days,>= 90d,2026-10-01T09:00:00Z,STALE,STALE,none,,
LOG-01,A003,pay-api-01,production,payments-platform,high,coverage,PASS,asset found in SIEM,PCI DSS v4.0.1 10.2.1; SOC 2 CC7.2,siem_sources.csv,source_type=app_log,,asset must appear in SIEM sources with valid evidence,present,2026-10-01T09:00:00Z,FAIL,FAIL,none,,
LOG-01,A003,pay-api-01,production,payments-platform,high,freshness,PASS,recent events received,PCI DSS v4.0.1 10.7.2; SOC 2 CC7.2,siem_sources.csv,age=0.3h,2026-10-01T08:40:00Z,as_of - last_event_at <= max_age_hours,<= 24h,2026-10-01T09:00:00Z,FAIL,FAIL,none,,
LOG-01,A003,pay-api-01,production,payments-platform,high,retention,FAIL,"retention_days is 180d, minimum is 365d",PCI DSS v4.0.1 10.5.1,siem_sources.csv,180d,2026-10-01T08:40:00Z,retention_days >= min_days,>= 365d,2026-10-01T09:00:00Z,FAIL,FAIL,none,,
LOG-01,A003,pay-api-01,production,payments-platform,high,hot_retention,PASS,hot_retention_days is 90d,PCI DSS v4.0.1 10.5.1,siem_sources.csv,90d,2026-10-01T08:40:00Z,hot_retention_days >= min_days,>= 90d,2026-10-01T09:00:00Z,FAIL,FAIL,none,,
LOG-01,A004,card-vault-01,production,security-eng,critical,coverage,PASS,asset found in SIEM,PCI DSS v4.0.1 10.2.1; SOC 2 CC7.2,siem_sources.csv,source_type=app_log,,asset must appear in SIEM sources with valid evidence,present,2026-10-01T09:00:00Z,FAIL,FAIL,none,,
LOG-01,A004,card-vault-01,production,security-eng,critical,freshness,PASS,recent events received,PCI DSS v4.0.1 10.7.2; SOC 2 CC7.2,siem_sources.csv,age=0.0h,2026-10-01T08:58:00Z,as_of - last_event_at <= max_age_hours,<= 24h,2026-10-01T09:00:00Z,FAIL,FAIL,none,,
LOG-01,A004,card-vault-01,production,security-eng,critical,retention,PASS,retention_days is 365d,PCI DSS v4.0.1 10.5.1,siem_sources.csv,365d,2026-10-01T08:58:00Z,retention_days >= min_days,>= 365d,2026-10-01T09:00:00Z,FAIL,FAIL,none,,
LOG-01,A004,card-vault-01,production,security-eng,critical,hot_retention,FAIL,"hot_retention_days is 30d, minimum is 90d",PCI DSS v4.0.1 10.5.1,siem_sources.csv,30d,2026-10-01T08:58:00Z,hot_retention_days >= min_days,>= 90d,2026-10-01T09:00:00Z,FAIL,FAIL,none,,
LOG-01,A005,pay-batch-01,production,payments-platform,high,coverage,MISSING,asset not found in SIEM sources,PCI DSS v4.0.1 10.2.1; SOC 2 CC7.2,siem_sources.csv,not found,,asset must appear in SIEM sources with valid evidence,present,2026-10-01T09:00:00Z,MISSING,MISSING,none,,
LOG-01,A005,pay-batch-01,production,payments-platform,high,freshness,NOT_EVALUATED,no valid SIEM evidence to evaluate,PCI DSS v4.0.1 10.7.2; SOC 2 CC7.2,siem_sources.csv,n/a,,as_of - last_event_at <= max_age_hours,<= 24h,2026-10-01T09:00:00Z,MISSING,MISSING,none,,
LOG-01,A005,pay-batch-01,production,payments-platform,high,retention,NOT_EVALUATED,no valid SIEM evidence to evaluate,PCI DSS v4.0.1 10.5.1,siem_sources.csv,n/a,,retention_days >= min_days,>= 365d,2026-10-01T09:00:00Z,MISSING,MISSING,none,,
LOG-01,A005,pay-batch-01,production,payments-platform,high,hot_retention,NOT_EVALUATED,no valid SIEM evidence to evaluate,PCI DSS v4.0.1 10.5.1,siem_sources.csv,n/a,,hot_retention_days >= min_days,>= 90d,2026-10-01T09:00:00Z,MISSING,MISSING,none,,
LOG-01,A006,legacy-settle-01,production,finance-it,high,coverage,MISSING,asset not found in SIEM sources,PCI DSS v4.0.1 10.2.1; SOC 2 CC7.2,siem_sources.csv,not found,,asset must appear in SIEM sources with valid evidence,present,2026-10-01T09:00:00Z,EXCEPTION,MISSING,valid,ciso@example.com,2027-03-31T23:59:59Z
LOG-01,A006,legacy-settle-01,production,finance-it,high,freshness,NOT_EVALUATED,no valid SIEM evidence to evaluate,PCI DSS v4.0.1 10.7.2; SOC 2 CC7.2,siem_sources.csv,n/a,,as_of - last_event_at <= max_age_hours,<= 24h,2026-10-01T09:00:00Z,EXCEPTION,MISSING,valid,ciso@example.com,2027-03-31T23:59:59Z
LOG-01,A006,legacy-settle-01,production,finance-it,high,retention,NOT_EVALUATED,no valid SIEM evidence to evaluate,PCI DSS v4.0.1 10.5.1,siem_sources.csv,n/a,,retention_days >= min_days,>= 365d,2026-10-01T09:00:00Z,EXCEPTION,MISSING,valid,ciso@example.com,2027-03-31T23:59:59Z
LOG-01,A006,legacy-settle-01,production,finance-it,high,hot_retention,NOT_EVALUATED,no valid SIEM evidence to evaluate,PCI DSS v4.0.1 10.5.1,siem_sources.csv,n/a,,hot_retention_days >= min_days,>= 90d,2026-10-01T09:00:00Z,EXCEPTION,MISSING,valid,ciso@example.com,2027-03-31T23:59:59Z
LOG-01,A007,pay-recon-01,production,finance-it,medium,coverage,PASS,asset found in SIEM,PCI DSS v4.0.1 10.2.1; SOC 2 CC7.2,siem_sources.csv,source_type=linux_syslog,,asset must appear in SIEM sources with valid evidence,present,2026-10-01T09:00:00Z,STALE,STALE,expired,ciso@example.com,2026-08-31T23:59:59Z
LOG-01,A007,pay-recon-01,production,finance-it,medium,freshness,STALE,no events for 55.0h,PCI DSS v4.0.1 10.7.2; SOC 2 CC7.2,siem_sources.csv,age=55.0h,2026-09-29T02:00:00Z,as_of - last_event_at <= max_age_hours,<= 24h,2026-10-01T09:00:00Z,STALE,STALE,expired,ciso@example.com,2026-08-31T23:59:59Z
LOG-01,A007,pay-recon-01,production,finance-it,medium,retention,PASS,retention_days is 400d,PCI DSS v4.0.1 10.5.1,siem_sources.csv,400d,2026-09-29T02:00:00Z,retention_days >= min_days,>= 365d,2026-10-01T09:00:00Z,STALE,STALE,expired,ciso@example.com,2026-08-31T23:59:59Z
LOG-01,A007,pay-recon-01,production,finance-it,medium,hot_retention,PASS,hot_retention_days is 90d,PCI DSS v4.0.1 10.5.1,siem_sources.csv,90d,2026-09-29T02:00:00Z,hot_retention_days >= min_days,>= 90d,2026-10-01T09:00:00Z,STALE,STALE,expired,ciso@example.com,2026-08-31T23:59:59Z
LOG-01,A009,pay-tokenizer-01,production,security-eng,critical,coverage,MISSING,SIEM row rejected as untrustworthy evidence: last_event_at='01/10/2026 08:30' (invalid value: Invalid isoformat string: '01/10/2026 08:30'),PCI DSS v4.0.1 10.2.1; SOC 2 CC7.2,siem_sources.csv,rejected row,,asset must appear in SIEM sources with valid evidence,present,2026-10-01T09:00:00Z,MISSING,MISSING,none,,
LOG-01,A009,pay-tokenizer-01,production,security-eng,critical,freshness,NOT_EVALUATED,no valid SIEM evidence to evaluate,PCI DSS v4.0.1 10.7.2; SOC 2 CC7.2,siem_sources.csv,n/a,,as_of - last_event_at <= max_age_hours,<= 24h,2026-10-01T09:00:00Z,MISSING,MISSING,none,,
LOG-01,A009,pay-tokenizer-01,production,security-eng,critical,retention,NOT_EVALUATED,no valid SIEM evidence to evaluate,PCI DSS v4.0.1 10.5.1,siem_sources.csv,n/a,,retention_days >= min_days,>= 365d,2026-10-01T09:00:00Z,MISSING,MISSING,none,,
LOG-01,A009,pay-tokenizer-01,production,security-eng,critical,hot_retention,NOT_EVALUATED,no valid SIEM evidence to evaluate,PCI DSS v4.0.1 10.5.1,siem_sources.csv,n/a,,hot_retention_days >= min_days,>= 90d,2026-10-01T09:00:00Z,MISSING,MISSING,none,,
LOG-01,A010,pay-edge-01,production,network-team,high,coverage,PASS,asset found in SIEM,PCI DSS v4.0.1 10.2.1; SOC 2 CC7.2,siem_sources.csv,source_type=firewall,,asset must appear in SIEM sources with valid evidence,present,2026-10-01T09:00:00Z,FAIL,FAIL,none,,
LOG-01,A010,pay-edge-01,production,network-team,high,freshness,FAIL,last_event_at is in the future (evidence integrity issue),PCI DSS v4.0.1 10.7.2; SOC 2 CC7.2,siem_sources.csv,2026-10-05T12:00:00Z,2026-10-05T12:00:00Z,as_of - last_event_at <= max_age_hours,<= 24h,2026-10-01T09:00:00Z,FAIL,FAIL,none,,
LOG-01,A010,pay-edge-01,production,network-team,high,retention,PASS,retention_days is 400d,PCI DSS v4.0.1 10.5.1,siem_sources.csv,400d,2026-10-05T12:00:00Z,retention_days >= min_days,>= 365d,2026-10-01T09:00:00Z,FAIL,FAIL,none,,
LOG-01,A010,pay-edge-01,production,network-team,high,hot_retention,PASS,hot_retention_days is 90d,PCI DSS v4.0.1 10.5.1,siem_sources.csv,90d,2026-10-05T12:00:00Z,hot_retention_days >= min_days,>= 90d,2026-10-01T09:00:00Z,FAIL,FAIL,none,,
